original_path,new_path,category,new_filename
0ensns.c,Organized_C_Programs\Mathematics\multiple_mathematical_concepts_demo_menu_driven.c,Mathematics,multiple_mathematical_concepts_demo_menu_driven.c
0ensns_1.c,Organized_C_Programs\Mathematics\multiple_mathematical_concepts_demo_v3.c,Mathematics,multiple_mathematical_concepts_demo_v3.c
1+11+111.c,Organized_C_Programs\Mathematics\repeated_digit_series_v7.c,Mathematics,repeated_digit_series_v7.c
1+11+111_1.c,Organized_C_Programs\Mathematics\repeated_digit_series_recursive.c,Mathematics,repeated_digit_series_recursive.c
1-1_2+1_3-1_4.c,Organized_C_Programs\Mathematics\alternating_harmonic_series_v2.c,Mathematics,alternating_harmonic_series_v2.c
1-1_2+1_3-1_4_1.c,Organized_C_Programs\Mathematics\alternating_harmonic_series_basic.c,Mathematics,alternating_harmonic_series_basic.c
10.c,Organized_C_Programs\Mathematics\square_root_table_generation_v2.c,Mathematics,square_root_table_generation_v2.c
10_1.c,Organized_C_Programs\Mathematics\square_root_table_generation_basic.c,Mathematics,square_root_table_generation_basic.c
11.c,Organized_C_Programs\Basics\numbers_divisibility_pattern_v2.c,Basics,numbers_divisibility_pattern_v2.c
11_1.c,Organized_C_Programs\Basics\numbers_divisibility_pattern_basic.c,Basics,numbers_divisibility_pattern_basic.c
12(x) .c,Organized_C_Programs\Mathematics\inverse_square_series_v2.c,Mathematics,inverse_square_series_v2.c
12(x) _1.c,Organized_C_Programs\Mathematics\inverse_square_series_basic.c,Mathematics,inverse_square_series_basic.c
12(y) .c,Organized_C_Programs\Mathematics\reciprocal_power_series_basic.c,Mathematics,reciprocal_power_series_basic.c
12(y) _1.c,Organized_C_Programs\Mathematics\reciprocal_power_series_v2.c,Mathematics,reciprocal_power_series_v2.c
12.c,Organized_C_Programs\Mathematics\inverse_cube_series_v2.c,Mathematics,inverse_cube_series_v2.c
12_1.c,Organized_C_Programs\Mathematics\inverse_cube_series_basic.c,Mathematics,inverse_cube_series_basic.c
15.c,Organized_C_Programs\Mathematics\triangular_number_summation_v2.c,Mathematics,triangular_number_summation_v2.c
15_1.c,Organized_C_Programs\Mathematics\triangular_number_summation_basic.c,Mathematics,triangular_number_summation_basic.c
16(a) .c,Organized_C_Programs\Mathematics\numeric_series_summation_v2.c,Mathematics,numeric_series_summation_v2.c
16(a) _1.c,Organized_C_Programs\Mathematics\numeric_series_summation_basic.c,Mathematics,numeric_series_summation_basic.c
16(b) .c,Organized_C_Programs\Mathematics\sum_of_squares_series_v8.c,Mathematics,sum_of_squares_series_v8.c
16(b) _1.c,Organized_C_Programs\Mathematics\sum_of_squares_series_v4.c,Mathematics,sum_of_squares_series_v4.c
17.c,Organized_C_Programs\Basics\basic_io_program_v43.c,Basics,basic_io_program_v43.c
17_1.c,Organized_C_Programs\Basics\basic_io_program_v47.c,Basics,basic_io_program_v47.c
18.c,Organized_C_Programs\Basics\finding_greatest_number_v26.c,Basics,finding_greatest_number_v26.c
18_1.c,Organized_C_Programs\Basics\finding_greatest_number_v30.c,Basics,finding_greatest_number_v30.c
19.c,Organized_C_Programs\Basics\smallest_number_finder_v2.c,Basics,smallest_number_finder_v2.c
19_1.c,Organized_C_Programs\Basics\smallest_number_finder_basic.c,Basics,smallest_number_finder_basic.c
1_1.c,Organized_C_Programs\Patterns\nested_loop_pattern_v28.c,Patterns,nested_loop_pattern_v28.c
1_1_1.c,Organized_C_Programs\Patterns\nested_loop_pattern_v24.c,Patterns,nested_loop_pattern_v24.c
1_3.c,Organized_C_Programs\Patterns\nested_loop_pattern_v19.c,Patterns,nested_loop_pattern_v19.c
1_3_1.c,Organized_C_Programs\Patterns\nested_loop_pattern_v23.c,Patterns,nested_loop_pattern_v23.c
2016 calendar. c.c,Organized_C_Programs\Recursion\sum_of_digits_recursive_v6.c,Recursion,sum_of_digits_recursive_v6.c
2016 calendar. c_1.c,Organized_C_Programs\Recursion\sum_of_digits_recursive_formula_based.c,Recursion,sum_of_digits_recursive_formula_based.c
20230113-180921.c,Organized_C_Programs\Arrays\second_largest_number_finder_v4.c,Arrays,second_largest_number_finder_v4.c
20230113-180921_1.c,Organized_C_Programs\Arrays\second_largest_number_finder_v8.c,Arrays,second_largest_number_finder_v8.c
20230221-071952.c,Organized_C_Programs\Recursion\factorial_recursive_recursive.c,Recursion,factorial_recursive_recursive.c
20230221-071952_1.c,Organized_C_Programs\Recursion\factorial_recursive_v3.c,Recursion,factorial_recursive_v3.c
20230221-072653.c,Organized_C_Programs\Recursion\factorial_recursive_v15.c,Recursion,factorial_recursive_v15.c
20230221-072653_1.c,Organized_C_Programs\Recursion\factorial_recursive_menu_driven.c,Recursion,factorial_recursive_menu_driven.c
20230315-011055.c,Organized_C_Programs\Basics\basic_io_program_v16.c,Basics,basic_io_program_v16.c
20230315-011055_1.c,Organized_C_Programs\Basics\basic_io_program_v22.c,Basics,basic_io_program_v22.c
20230509-020305.c,Organized_C_Programs\Structures\nested_structure_demonstration_v13.c,Structures,nested_structure_demonstration_v13.c
20230509-020305_1.c,Organized_C_Programs\Structures\nested_structure_demonstration_v17.c,Structures,nested_structure_demonstration_v17.c
20231001-130558.c,Organized_C_Programs\Linked_Lists\singly_linked_list_operations_v23.c,Linked_Lists,singly_linked_list_operations_v23.c
20231001-130558_1.c,Organized_C_Programs\Linked_Lists\singly_linked_list_operations_enhanced.c,Linked_Lists,singly_linked_list_operations_enhanced.c
22.c,Organized_C_Programs\Patterns\nested_loop_pattern_v32.c,Patterns,nested_loop_pattern_v32.c
22_1.c,Organized_C_Programs\Patterns\nested_loop_pattern_formatted_output.c,Patterns,nested_loop_pattern_formatted_output.c
23.c,Organized_C_Programs\Basics\basic_io_program_v63.c,Basics,basic_io_program_v63.c
23_1.c,Organized_C_Programs\Basics\basic_io_program_v67.c,Basics,basic_io_program_v67.c
24.c,Organized_C_Programs\Mathematics\armstrong_number_checker_v2.c,Mathematics,armstrong_number_checker_v2.c
24_1.c,Organized_C_Programs\Mathematics\armstrong_number_checker_basic.c,Mathematics,armstrong_number_checker_basic.c
25.c,Organized_C_Programs\Basics\basic_io_program_v33.c,Basics,basic_io_program_v33.c
25_1.c,Organized_C_Programs\Basics\basic_io_program_v37.c,Basics,basic_io_program_v37.c
26.c,Organized_C_Programs\Basics\integer_palindrome_checker_basic.c,Basics,integer_palindrome_checker_basic.c
26_1.c,Organized_C_Programs\Basics\integer_palindrome_checker_v2.c,Basics,integer_palindrome_checker_v2.c
27.c,Organized_C_Programs\Mathematics\numeric_series_summation_v4.c,Mathematics,numeric_series_summation_v4.c
27_1.c,Organized_C_Programs\Mathematics\numeric_series_summation_v8.c,Mathematics,numeric_series_summation_v8.c
28 (1).c,Organized_C_Programs\Basics\integer_reversal_v4.c,Basics,integer_reversal_v4.c
28 (1)_1.c,Organized_C_Programs\Basics\integer_reversal_v8.c,Basics,integer_reversal_v8.c
28.c,Organized_C_Programs\Basics\integer_reversal_basic.c,Basics,integer_reversal_basic.c
28_1.c,Organized_C_Programs\Basics\integer_reversal_v2.c,Basics,integer_reversal_v2.c
2_1.c,Organized_C_Programs\Basics\basic_io_program_v23.c,Basics,basic_io_program_v23.c
2_1_1.c,Organized_C_Programs\Basics\basic_io_program_v27.c,Basics,basic_io_program_v27.c
2_2.c,Organized_C_Programs\Basics\finding_greatest_number_v13.c,Basics,finding_greatest_number_v13.c
2_2_1.c,Organized_C_Programs\Basics\finding_greatest_number_v17.c,Basics,finding_greatest_number_v17.c
2akaka.c,Organized_C_Programs\Mini_Projects\yearly_calendar_generator_v3.c,Mini_Projects,yearly_calendar_generator_v3.c
2akaka_1.c,Organized_C_Programs\Mini_Projects\yearly_calendar_generator_zeller_algorithm.c,Mini_Projects,yearly_calendar_generator_zeller_algorithm.c
30.c,Organized_C_Programs\Basics\basic_io_program_v11.c,Basics,basic_io_program_v11.c
30_1.c,Organized_C_Programs\Basics\basic_io_program_formatted_output.c,Basics,basic_io_program_formatted_output.c
6.c,Organized_C_Programs\Basics\basic_io_program_v48.c,Basics,basic_io_program_v48.c
6_1.c,Organized_C_Programs\Basics\basic_io_program_v52.c,Basics,basic_io_program_v52.c
9.c,Organized_C_Programs\Mathematics\sum_of_squares_series_formatted_output.c,Mathematics,sum_of_squares_series_formatted_output.c
9_1.c,Organized_C_Programs\Mathematics\sum_of_squares_series_v3.c,Mathematics,sum_of_squares_series_v3.c
A14.c,Organized_C_Programs\Mathematics\gcd_two_numbers_v2.c,Mathematics,gcd_two_numbers_v2.c
A14_1.c,Organized_C_Programs\Mathematics\gcd_two_numbers_basic.c,Mathematics,gcd_two_numbers_basic.c
ATM.c,Organized_C_Programs\Mini_Projects\atm_simulation_v3.c,Mini_Projects,atm_simulation_v3.c
ATM_1.c,Organized_C_Programs\Mini_Projects\atm_simulation_goto_based.c,Mini_Projects,atm_simulation_goto_based.c
AVL_trees.c,Organized_C_Programs\Trees\binary_tree_traversal_v3.c,Trees,binary_tree_traversal_v3.c
AVL_trees_1.c,Organized_C_Programs\Trees\binary_tree_traversal_recursive.c,Trees,binary_tree_traversal_recursive.c
Activity_Selection.c,Organized_C_Programs\Greedy\activity_selection_problem_recursive.c,Greedy,activity_selection_problem_recursive.c
Activity_Selection_1.c,Organized_C_Programs\Greedy\activity_selection_problem_v3.c,Greedy,activity_selection_problem_v3.c
BST.c,Organized_C_Programs\Structures\nested_structure_demonstration_v24.c,Structures,nested_structure_demonstration_v24.c
BST_1.c,Organized_C_Programs\Structures\nested_structure_demonstration_enhanced.c,Structures,nested_structure_demonstration_enhanced.c
BST_T.c,Organized_C_Programs\Structures\nested_structure_demonstration_duplicate_detection.c,Structures,nested_structure_demonstration_duplicate_detection.c
BST_T_1.c,Organized_C_Programs\Structures\nested_structure_demonstration_v20.c,Structures,nested_structure_demonstration_v20.c
BSTtree.c,Organized_C_Programs\Structures\nested_structure_demonstration_v27.c,Structures,nested_structure_demonstration_v27.c
BSTtree_1.c,Organized_C_Programs\Structures\nested_structure_demonstration_v30.c,Structures,nested_structure_demonstration_v30.c
CALENDAR PROJECT.c,Organized_C_Programs\Mini_Projects\yearly_calendar_generator_v27.c,Mini_Projects,yearly_calendar_generator_v27.c
CALENDAR PROJECT_1.c,Organized_C_Programs\Mini_Projects\yearly_calendar_generator_zeller_algorithm_goto_based.c,Mini_Projects,yearly_calendar_generator_zeller_algorithm_goto_based.c
Calander_using DS.c,Organized_C_Programs\Linked_Lists\singly_linked_list_operations_v12.c,Linked_Lists,singly_linked_list_operations_v12.c
Calander_using DS_1.c,Organized_C_Programs\Linked_Lists\singly_linked_list_operations_event_search.c,Linked_Lists,singly_linked_list_operations_event_search.c
Calendar online. c.c,Organized_C_Programs\Recursion\recursive_function_demo_v6.c,Recursion,recursive_function_demo_v6.c
Calendar online. c_1.c,Organized_C_Programs\Recursion\recursive_function_demo_goto_based.c,Recursion,recursive_function_demo_goto_based.c
DAA_WEEK_3_ASSIGNMENT.c,Organized_C_Programs\Searching\binary_search_iterative_v15.c,Searching,binary_search_iterative_v15.c
DAA_WEEK_3_ASSIGNMENT_1.c,Organized_C_Programs\Searching\binary_search_iterative_v11.c,Searching,binary_search_iterative_v11.c
Fractional_Knapsack.c,Organized_C_Programs\Basics\finding_greatest_number_v21.c,Basics,finding_greatest_number_v21.c
Fractional_Knapsack_1.c,Organized_C_Programs\Basics\finding_greatest_number_v25.c,Basics,finding_greatest_number_v25.c
Harsha Calendar Project.c,Organized_C_Programs\Mini_Projects\yearly_calendar_generator_v11.c,Mini_Projects,yearly_calendar_generator_v11.c
Harsha Calendar Project_1.c,Organized_C_Programs\Mini_Projects\yearly_calendar_generator_v9.c,Mini_Projects,yearly_calendar_generator_v9.c
Harsha Project Calendar. c.c,Organized_C_Programs\Mini_Projects\yearly_calendar_generator_menu_driven.c,Mini_Projects,yearly_calendar_generator_menu_driven.c
Harsha Project Calendar. c_1.c,Organized_C_Programs\Mini_Projects\yearly_calendar_generator_v13.c,Mini_Projects,yearly_calendar_generator_v13.c
Helloworld.c,Organized_C_Programs\Basics\hello_world_v2.c,Basics,hello_world_v2.c
Helloworld_1.c,Organized_C_Programs\Basics\hello_world_basic.c,Basics,hello_world_basic.c
Linked list project1.c,Organized_C_Programs\Linked_Lists\singly_linked_list_operations_v27.c,Linked_Lists,singly_linked_list_operations_v27.c
Linked list project1_1.c,Organized_C_Programs\Linked_Lists\singly_linked_list_operations_backtracking.c,Linked_Lists,singly_linked_list_operations_backtracking.c
Min_MAX.c,Organized_C_Programs\Structures\nested_structure_demonstration_v9.c,Structures,nested_structure_demonstration_v9.c
Min_MAX_1.c,Organized_C_Programs\Structures\nested_structure_demonstration_recursive.c,Structures,nested_structure_demonstration_recursive.c
Nikhil calendar.c,Organized_C_Programs\Mini_Projects\yearly_calendar_generator_v23.c,Mini_Projects,yearly_calendar_generator_v23.c
Nikhil calendar_1.c,Organized_C_Programs\Mini_Projects\yearly_calendar_generator_formula_based.c,Mini_Projects,yearly_calendar_generator_formula_based.c
Organized_C_Programs\Arrays\array_duplicate_finder_duplicate_detection.c,Organized_C_Programs\Arrays\array_duplicate_finder_duplicate_detection.c,Arrays,array_duplicate_finder_duplicate_detection.c
Organized_C_Programs\Arrays\array_duplicate_finder_v3.c,Organized_C_Programs\Arrays\array_duplicate_finder_v3.c,Arrays,array_duplicate_finder_v3.c
Organized_C_Programs\Arrays\array_insertion_insertion_insertion.c,Organized_C_Programs\Arrays\array_insertion_insertion.c,Arrays,array_insertion_insertion.c
Organized_C_Programs\Arrays\array_insertion_v3.c,Organized_C_Programs\Arrays\array_insertion_v3.c,Arrays,array_insertion_v3.c
Organized_C_Programs\Arrays\array_subset_check_formatted_output_formatted_output.c,Organized_C_Programs\Arrays\array_subset_check_formatted_output.c,Arrays,array_subset_check_formatted_output.c
Organized_C_Programs\Arrays\array_subset_check_v3.c,Organized_C_Programs\Arrays\array_subset_check_v3.c,Arrays,array_subset_check_v3.c
Organized_C_Programs\Arrays\matrix_addition_turboc_console.c,Organized_C_Programs\Arrays\matrix_addition_turboc_console.c,Arrays,matrix_addition_turboc_console.c
Organized_C_Programs\Arrays\matrix_addition_v3.c,Organized_C_Programs\Arrays\matrix_addition_v3.c,Arrays,matrix_addition_v3.c
Organized_C_Programs\Arrays\matrix_equality_comparison_formatted_output_formatted_output.c,Organized_C_Programs\Arrays\matrix_equality_comparison_formatted_output.c,Arrays,matrix_equality_comparison_formatted_output.c
Organized_C_Programs\Arrays\matrix_equality_comparison_v3.c,Organized_C_Programs\Arrays\matrix_equality_comparison_v3.c,Arrays,matrix_equality_comparison_v3.c
Organized_C_Programs\Arrays\matrix_multiplication_multiplication_only.c,Organized_C_Programs\Arrays\matrix_multiplication_multiplication_only.c,Arrays,matrix_multiplication_multiplication_only.c
Organized_C_Programs\Arrays\matrix_multiplication_recursive.c,Organized_C_Programs\Arrays\matrix_multiplication_recursive.c,Arrays,matrix_multiplication_recursive.c
Organized_C_Programs\Arrays\matrix_multiplication_v3.c,Organized_C_Programs\Arrays\matrix_multiplication_v3.c,Arrays,matrix_multiplication_v3.c
Organized_C_Programs\Arrays\matrix_multiplication_v7.c,Organized_C_Programs\Arrays\matrix_multiplication_v7.c,Arrays,matrix_multiplication_v7.c
Organized_C_Programs\Arrays\second_largest_number_finder_basic.c,Organized_C_Programs\Arrays\second_largest_number_finder_basic.c,Arrays,second_largest_number_finder_basic.c
PROJECT 24.c,Organized_C_Programs\Mini_Projects\yearly_calendar_generator_v20.c,Mini_Projects,yearly_calendar_generator_v20.c
PROJECT 24_1.c,Organized_C_Programs\Mini_Projects\yearly_calendar_generator_zeller_algorithm_interactive_loop_repeat_until_exit_extended.c,Mini_Projects,yearly_calendar_generator_zeller_algorithm_interactive_loop_repeat_until_exit_extended.c
PROJECT 28-accomplished.c,Organized_C_Programs\Mini_Projects\yearly_calendar_generator_v31.c,Mini_Projects,yearly_calendar_generator_v31.c
PROJECT 28-accomplished_1.c,Organized_C_Programs\Mini_Projects\yearly_calendar_generator_zeller_algorithm_interactive_loop_turboc_console_welcome_screen.c,Mini_Projects,yearly_calendar_generator_zeller_algorithm_interactive_loop_turboc_console_welcome_screen.c
PROJECT2-CALENDAR.c,Organized_C_Programs\Mathematics\multiple_mathematical_concepts_demo_recursive.c,Mathematics,multiple_mathematical_concepts_demo_recursive.c
PROJECT2-CALENDAR_1.c,Organized_C_Programs\Mathematics\multiple_mathematical_concepts_demo_v9.c,Mathematics,multiple_mathematical_concepts_demo_v9.c
PROJECT2-NO TO WORDS.c,Organized_C_Programs\Mathematics\multiple_mathematical_concepts_demo_v13.c,Mathematics,multiple_mathematical_concepts_demo_v13.c
PROJECT2-NO TO WORDS_1.c,Organized_C_Programs\Mathematics\multiple_mathematical_concepts_demo_turboc_console.c,Mathematics,multiple_mathematical_concepts_demo_turboc_console.c
Pattern_hackerank.c,Organized_C_Programs\Patterns\number_triangle_pattern_v23.c,Patterns,number_triangle_pattern_v23.c
Pattern_hackerank_1.c,Organized_C_Programs\Patterns\number_triangle_pattern_v27.c,Patterns,number_triangle_pattern_v27.c
Quick_sort.c,Organized_C_Programs\Sorting\quick_sort_formatted_output.c,Sorting,quick_sort_formatted_output.c
Quick_sort_1.c,Organized_C_Programs\Sorting\quick_sort_v6.c,Sorting,quick_sort_v6.c
Radix_sort.c,Organized_C_Programs\Sorting\radix_sort_v3.c,Sorting,radix_sort_v3.c
Radix_sort_1.c,Organized_C_Programs\Sorting\radix_sort_recursive.c,Sorting,radix_sort_recursive.c
Rounding off number.c,Organized_C_Programs\Mathematics\repeated_digit_series_v2.c,Mathematics,repeated_digit_series_v2.c
Rounding off number_1.c,Organized_C_Programs\Mathematics\repeated_digit_series_basic.c,Mathematics,repeated_digit_series_basic.c
ShreyaProject.c,Organized_C_Programs\Searching\binary_search_iterative_enhanced.c,Searching,binary_search_iterative_enhanced.c
ShreyaProject_1.c,Organized_C_Programs\Searching\binary_search_iterative_v25.c,Searching,binary_search_iterative_v25.c
Sproject.c,Organized_C_Programs\Linked_Lists\singly_linked_list_operations_v34.c,Linked_Lists,singly_linked_list_operations_v34.c
Sproject_1.c,Organized_C_Programs\Linked_Lists\singly_linked_list_operations_v37.c,Linked_Lists,singly_linked_list_operations_v37.c
Strassens.c,Organized_C_Programs\Miscellaneous\strassen_matrix_multiplication_v2.c,Miscellaneous,strassen_matrix_multiplication_v2.c
Strassens_1.c,Organized_C_Programs\Miscellaneous\strassen_matrix_multiplication_basic.c,Miscellaneous,strassen_matrix_multiplication_basic.c
Student Registration system.c,Organized_C_Programs\Linked_Lists\singly_linked_list_operations_v48.c,Linked_Lists,singly_linked_list_operations_v48.c
Student Registration system_1.c,Organized_C_Programs\Linked_Lists\singly_linked_list_operations_v52.c,Linked_Lists,singly_linked_list_operations_v52.c
WEEK 3 KJ DAA.c,Organized_C_Programs\Sorting\merge_sort_basic.c,Sorting,merge_sort_basic.c
WEEK 3 KJ DAA_1.c,Organized_C_Programs\Sorting\merge_sort_v7.c,Sorting,merge_sort_v7.c
Warshalls algorithm.c,Organized_C_Programs\Patterns\number_triangle_pattern_v1.c,Patterns,number_triangle_pattern_v1.c
Warshalls algorithm_1.c,Organized_C_Programs\Patterns\number_triangle_pattern_v2.c,Patterns,number_triangle_pattern_v2.c
_.... c.c,Organized_C_Programs\Mini_Projects\yearly_calendar_generator_enhanced.c,Mini_Projects,yearly_calendar_generator_enhanced.c
_.... c_1.c,Organized_C_Programs\Mini_Projects\yearly_calendar_generator_v16.c,Mini_Projects,yearly_calendar_generator_v16.c
act_vity.c,Organized_C_Programs\Greedy\activity_selection_problem_v8.c,Greedy,activity_selection_problem_v8.c
act_vity_1.c,Organized_C_Programs\Greedy\activity_selection_problem_v4.c,Greedy,activity_selection_problem_v4.c
ajaj.c,Organized_C_Programs\Linked_Lists\singly_linked_list_operations_v9.c,Linked_Lists,singly_linked_list_operations_v9.c
ajaj_1.c,Organized_C_Programs\Linked_Lists\singly_linked_list_operations_zeller_algorithm.c,Linked_Lists,singly_linked_list_operations_zeller_algorithm.c
all_pair.c,Organized_C_Programs\Graphs\floyd_warshall_all_pairs_shortest_path_v3.c,Graphs,floyd_warshall_all_pairs_shortest_path_v3.c
all_pair_1.c,Organized_C_Programs\Graphs\floyd_warshall_all_pairs_shortest_path_recursive.c,Graphs,floyd_warshall_all_pairs_shortest_path_recursive.c
amak.c,Organized_C_Programs\Mini_Projects\yearly_calendar_generator_interactive_loop.c,Mini_Projects,yearly_calendar_generator_interactive_loop.c
amak_1.c,Organized_C_Programs\Mini_Projects\yearly_calendar_generator_v6.c,Mini_Projects,yearly_calendar_generator_v6.c
arithmetic operations pointers. c.c,Organized_C_Programs\Pointers\pointer_arithmetic_operations_v3.c,Pointers,pointer_arithmetic_operations_v3.c
arithmetic operations pointers. c_1.c,Organized_C_Programs\Pointers\pointer_arithmetic_operations_goto_based.c,Pointers,pointer_arithmetic_operations_goto_based.c
assignment_pointers.c,Organized_C_Programs\Pointers\pointer_menu_operations_demo_recursive.c,Pointers,pointer_menu_operations_demo_recursive.c
assignment_pointers_1.c,Organized_C_Programs\Pointers\pointer_menu_operations_demo_v3.c,Pointers,pointer_menu_operations_demo_v3.c
binary search.c,Organized_C_Programs\Searching\binary_search_iterative_iterative.c,Searching,binary_search_iterative_iterative.c
binary search_1.c,Organized_C_Programs\Searching\binary_search_iterative_v3.c,Searching,binary_search_iterative_v3.c
binary to decimal-recursion. c.c,Organized_C_Programs\Recursion\recursive_function_demo_v10.c,Recursion,recursive_function_demo_v10.c
binary to decimal-recursion. c_1.c,Organized_C_Programs\Recursion\recursive_function_demo_basic.c,Recursion,recursive_function_demo_basic.c
binarysearch.c,Organized_C_Programs\Searching\binary_search_iterative_v7.c,Searching,binary_search_iterative_v7.c
binarysearch_1.c,Organized_C_Programs\Searching\binary_search_iterative_formatted_output.c,Searching,binary_search_iterative_formatted_output.c
bubble sort.c,Organized_C_Programs\Sorting\bubble_sort_descending_v9.c,Sorting,bubble_sort_descending_v9.c
bubble sort_1.c,Organized_C_Programs\Sorting\bubble_sort_descending_basic.c,Sorting,bubble_sort_descending_basic.c
bubble with binary.c,Organized_C_Programs\Sorting\bubble_sort_descending_v6.c,Sorting,bubble_sort_descending_v6.c
bubble with binary_1.c,Organized_C_Programs\Sorting\bubble_sort_descending_iterative.c,Sorting,bubble_sort_descending_iterative.c
bubblesort descending.c,Organized_C_Programs\Sorting\bubble_sort_descending_descending.c,Sorting,bubble_sort_descending_descending.c
bubblesort descending_1.c,Organized_C_Programs\Sorting\bubble_sort_descending_v3.c,Sorting,bubble_sort_descending_v3.c
c1.c,Organized_C_Programs\Linked_Lists\singly_linked_list_operations_v43.c,Linked_Lists,singly_linked_list_operations_v43.c
c1_1.c,Organized_C_Programs\Linked_Lists\singly_linked_list_operations_v47.c,Linked_Lists,singly_linked_list_operations_v47.c
calci. c.c,Organized_C_Programs\Pointers\pointer_arithmetic_operations_v6.c,Pointers,pointer_arithmetic_operations_v6.c
calci. c_1.c,Organized_C_Programs\Pointers\pointer_arithmetic_operations_formatted_output.c,Pointers,pointer_arithmetic_operations_formatted_output.c
calendar project. c.c,Organized_C_Programs\Miscellaneous\rat_in_maze_backtracking_zeller_algorithm.c,Miscellaneous,rat_in_maze_backtracking_zeller_algorithm.c
calendar project. c_1.c,Organized_C_Programs\Miscellaneous\rat_in_maze_backtracking_v11.c,Miscellaneous,rat_in_maze_backtracking_v11.c
circle.c,Organized_C_Programs\Linked_Lists\singly_linked_list_operations_v19.c,Linked_Lists,singly_linked_list_operations_v19.c
circle_1.c,Organized_C_Programs\Linked_Lists\singly_linked_list_operations_menu_driven.c,Linked_Lists,singly_linked_list_operations_menu_driven.c
circular ll.c,Organized_C_Programs\Linked_Lists\singly_linked_list_operations_v38.c,Linked_Lists,singly_linked_list_operations_v38.c
circular ll_1.c,Organized_C_Programs\Linked_Lists\singly_linked_list_operations_v42.c,Linked_Lists,singly_linked_list_operations_v42.c
circularlinkedlist.c,Organized_C_Programs\Linked_Lists\singly_linked_list_operations_basic.c,Linked_Lists,singly_linked_list_operations_basic.c
circularlinkedlist_1.c,Organized_C_Programs\Linked_Lists\singly_linked_list_operations_v16.c,Linked_Lists,singly_linked_list_operations_v16.c
contact1.c,Organized_C_Programs\Mini_Projects\contact_management_system_v3.c,Mini_Projects,contact_management_system_v3.c
contact1_1.c,Organized_C_Programs\Mini_Projects\contact_management_system_array_based.c,Mini_Projects,contact_management_system_array_based.c
createlinkedlist.c,Organized_C_Programs\Linked_Lists\singly_linked_list_operations_v3.c,Linked_Lists,singly_linked_list_operations_v3.c
createlinkedlist_1.c,Organized_C_Programs\Linked_Lists\singly_linked_list_operations_linked_list.c,Linked_Lists,singly_linked_list_operations_linked_list.c
cricket pending. c.c,Organized_C_Programs\Strings\string_input_output_v13.c,Strings,string_input_output_v13.c
cricket pending. c_1.c,Organized_C_Programs\Strings\string_input_output_v9.c,Strings,string_input_output_v9.c
cricket.c,Organized_C_Programs\Strings\string_input_output_v4.c,Strings,string_input_output_v4.c
cricket_1.c,Organized_C_Programs\Mathematics\multiple_mathematical_concepts_demo_v17.c,Mathematics,multiple_mathematical_concepts_demo_v17.c
cricket_1_1.c,Organized_C_Programs\Mathematics\multiple_mathematical_concepts_demo_formatted_output.c,Mathematics,multiple_mathematical_concepts_demo_formatted_output.c
cricket_2.c,Organized_C_Programs\Strings\string_input_output_v8.c,Strings,string_input_output_v8.c
del. c.c,Organized_C_Programs\Basics\basic_io_program_v68.c,Basics,basic_io_program_v68.c
del. c_1.c,Organized_C_Programs\Basics\basic_io_program_v72.c,Basics,basic_io_program_v72.c
demonstration structure.c,Organized_C_Programs\Structures\nested_structure_demonstration_v3.c,Structures,nested_structure_demonstration_v3.c
demonstration structure_1.c,Organized_C_Programs\Structures\nested_structure_demonstration_backtracking.c,Structures,nested_structure_demonstration_backtracking.c
des. c.c,Organized_C_Programs\Miscellaneous\rat_in_maze_backtracking_v1.c,Miscellaneous,rat_in_maze_backtracking_v1.c
des. c_1.c,Organized_C_Programs\Miscellaneous\rat_in_maze_backtracking_goto_based.c,Miscellaneous,rat_in_maze_backtracking_goto_based.c
dia.c,Organized_C_Programs\Basics\basic_io_program_v12.c,Basics,basic_io_program_v12.c
dia_1.c,Organized_C_Programs\Basics\basic_io_program_v19.c,Basics,basic_io_program_v19.c
dijstra.c,Organized_C_Programs\Graphs\dijkstra_shortest_path_v3.c,Graphs,dijkstra_shortest_path_v3.c
dijstra_1.c,Organized_C_Programs\Graphs\dijkstra_shortest_path_recursive.c,Graphs,dijkstra_shortest_path_recursive.c
empty.c,Organized_C_Programs\Miscellaneous\c_program_v4.c,Miscellaneous,c_program_v4.c
empty_1.c,Organized_C_Programs\Miscellaneous\c_program_v8.c,Miscellaneous,c_program_v8.c
factorial-recursion.c,Organized_C_Programs\Recursion\factorial_recursive_v8.c,Recursion,factorial_recursive_v8.c
factorial-recursion_1.c,Organized_C_Programs\Recursion\factorial_recursive_v12.c,Recursion,factorial_recursive_v12.c
factorialrecursion. c.c,Organized_C_Programs\Recursion\factorial_recursive_v7.c,Recursion,factorial_recursive_v7.c
factorialrecursion. c_1.c,Organized_C_Programs\Recursion\factorial_recursive_basic.c,Recursion,factorial_recursive_basic.c
fcfs1.c,Organized_C_Programs\Basics\finding_greatest_number_v20.c,Basics,finding_greatest_number_v20.c
fcfs1_1.c,Organized_C_Programs\Basics\finding_greatest_number_turboc_console.c,Basics,finding_greatest_number_turboc_console.c
file2.c,Organized_C_Programs\Basics\basic_io_program_v28.c,Basics,basic_io_program_v28.c
file2_1.c,Organized_C_Programs\Basics\basic_io_program_v32.c,Basics,basic_io_program_v32.c
first calender.c,Organized_C_Programs\Mini_Projects\yearly_calendar_generator_v41.c,Mini_Projects,yearly_calendar_generator_v41.c
first calender_1.c,Organized_C_Programs\Mini_Projects\yearly_calendar_generator_v45.c,Mini_Projects,yearly_calendar_generator_v45.c
function orderlist. c.c,Organized_C_Programs\Recursion\factorial_recursive_enhanced.c,Recursion,factorial_recursive_enhanced.c
function orderlist. c_1.c,Organized_C_Programs\Recursion\factorial_recursive_v22.c,Recursion,factorial_recursive_v22.c
function-multiplication_.c,Organized_C_Programs\Recursion\recursive_function_demo_v24.c,Recursion,recursive_function_demo_v24.c
function-multiplication__1.c,Organized_C_Programs\Recursion\recursive_function_demo_formatted_output.c,Recursion,recursive_function_demo_formatted_output.c
gags.c,Organized_C_Programs\Strings\string_input_output_v3.c,Strings,string_input_output_v3.c
gags_1.c,Organized_C_Programs\Strings\string_input_output_goto_based.c,Strings,string_input_output_goto_based.c
gcd recursion.c,Organized_C_Programs\Recursion\gcd_recursive_v3.c,Recursion,gcd_recursive_v3.c
gcd recursion_1.c,Organized_C_Programs\Recursion\gcd_recursive_recursive.c,Recursion,gcd_recursive_recursive.c
grains_problem.c,Organized_C_Programs\Mathematics\grains_on_chessboard_v2.c,Mathematics,grains_on_chessboard_v2.c
grains_problem_1.c,Organized_C_Programs\Mathematics\grains_on_chessboard_basic.c,Mathematics,grains_on_chessboard_basic.c
h10 (1).c,Organized_C_Programs\Mathematics\taylor_series_expansion_v4.c,Mathematics,taylor_series_expansion_v4.c
h10 (1)_1.c,Organized_C_Programs\Mathematics\taylor_series_expansion_v8.c,Mathematics,taylor_series_expansion_v8.c
h10.c,Organized_C_Programs\Mathematics\taylor_series_expansion_v2.c,Mathematics,taylor_series_expansion_v2.c
h10_1.c,Organized_C_Programs\Mathematics\taylor_series_expansion_basic.c,Mathematics,taylor_series_expansion_basic.c
h14.c,Organized_C_Programs\Mathematics\gcd_two_numbers_v6.c,Mathematics,gcd_two_numbers_v6.c
h14_1.c,Organized_C_Programs\Mathematics\gcd_two_numbers_v9.c,Mathematics,gcd_two_numbers_v9.c
h9.c,Organized_C_Programs\Patterns\number_triangle_pattern_v4.c,Patterns,number_triangle_pattern_v4.c
h9_1.c,Organized_C_Programs\Patterns\number_triangle_pattern_v8.c,Patterns,number_triangle_pattern_v8.c
hackerrank 3 or 5.c,Organized_C_Programs\Mathematics\divisible_by_3_and_5_summation_v2.c,Mathematics,divisible_by_3_and_5_summation_v2.c
hackerrank 3 or 5_1.c,Organized_C_Programs\Mathematics\divisible_by_3_and_5_summation_basic.c,Mathematics,divisible_by_3_and_5_summation_basic.c
haha. c (1).c,Organized_C_Programs\Miscellaneous\rat_in_maze_backtracking_v21.c,Miscellaneous,rat_in_maze_backtracking_v21.c
haha. c (1)_1.c,Organized_C_Programs\Miscellaneous\rat_in_maze_backtracking_v25.c,Miscellaneous,rat_in_maze_backtracking_v25.c
haha. c.c,Organized_C_Programs\Recursion\recursive_function_demo_recursive.c,Recursion,recursive_function_demo_recursive.c
haha. c_1.c,Organized_C_Programs\Recursion\recursive_function_demo_v3.c,Recursion,recursive_function_demo_v3.c
hahshs.c,Organized_C_Programs\Mini_Projects\yearly_calendar_generator_v35.c,Mini_Projects,yearly_calendar_generator_v35.c
hahshs_1.c,Organized_C_Programs\Mini_Projects\yearly_calendar_generator_goto_based.c,Mini_Projects,yearly_calendar_generator_goto_based.c
harsha. c.c,Organized_C_Programs\Miscellaneous\storage_classes_demo_v6.c,Miscellaneous,storage_classes_demo_v6.c
harsha. c_1.c,Organized_C_Programs\Miscellaneous\storage_classes_demo_modular.c,Miscellaneous,storage_classes_demo_modular.c
hello.c,Organized_C_Programs\Patterns\number_triangle_pattern_v38.c,Patterns,number_triangle_pattern_v38.c
hello_1.c,Organized_C_Programs\Patterns\number_triangle_pattern_v42.c,Patterns,number_triangle_pattern_v42.c
hshsh. c.c,Organized_C_Programs\Pointers\pointer_menu_operations_demo_v9.c,Pointers,pointer_menu_operations_demo_v9.c
hshsh. c_1.c,Organized_C_Programs\Pointers\pointer_menu_operations_demo_modular.c,Pointers,pointer_menu_operations_demo_modular.c
infinity.c,Organized_C_Programs\Basics\basic_io_program_basic.c,Basics,basic_io_program_basic.c
infinity_1.c,Organized_C_Programs\Basics\basic_io_program_v2.c,Basics,basic_io_program_v2.c
inputstring.c,Organized_C_Programs\Strings\string_input_output_v19.c,Strings,string_input_output_v19.c
inputstring_1.c,Organized_C_Programs\Strings\string_input_output_v23.c,Strings,string_input_output_v23.c
kruskal.c,Organized_C_Programs\Graphs\kruskal_minimum_spanning_tree_v3.c,Graphs,kruskal_minimum_spanning_tree_v3.c
kruskal_1.c,Organized_C_Programs\Graphs\kruskal_minimum_spanning_tree_backtracking.c,Graphs,kruskal_minimum_spanning_tree_backtracking.c
last. c.c,Organized_C_Programs\Mathematics\multiple_mathematical_concepts_demo_v6.c,Mathematics,multiple_mathematical_concepts_demo_v6.c
last. c_1.c,Organized_C_Programs\Mathematics\multiple_mathematical_concepts_demo_zeller_algorithm.c,Mathematics,multiple_mathematical_concepts_demo_zeller_algorithm.c
lcm. c.c,Organized_C_Programs\Mathematics\lcm_two_numbers_v3.c,Mathematics,lcm_two_numbers_v3.c
lcm. c_1.c,Organized_C_Programs\Mathematics\lcm_two_numbers_recursive.c,Mathematics,lcm_two_numbers_recursive.c
ll.c,Organized_C_Programs\Linked_Lists\singly_linked_list_operations_v6.c,Linked_Lists,singly_linked_list_operations_v6.c
ll_1.c,Organized_C_Programs\Linked_Lists\singly_linked_list_operations_recursive.c,Linked_Lists,singly_linked_list_operations_recursive.c
main (1).c,Organized_C_Programs\Sorting\quick_sort_v3.c,Sorting,quick_sort_v3.c
main (1)_1.c,Organized_C_Programs\Sorting\quick_sort_recursive.c,Sorting,quick_sort_recursive.c
main (2).c,Organized_C_Programs\Basics\finding_greatest_number_v7.c,Basics,finding_greatest_number_v7.c
main (2)_1.c,Organized_C_Programs\Basics\finding_greatest_number_basic.c,Basics,finding_greatest_number_basic.c
main (3).c,Organized_C_Programs\Basics\finding_greatest_number_v2.c,Basics,finding_greatest_number_v2.c
main (3)_1.c,Organized_C_Programs\Basics\finding_greatest_number_recursive.c,Basics,finding_greatest_number_recursive.c
main (4).c,Organized_C_Programs\Dynamic_Memory\malloc_calloc_demo_recursive.c,Dynamic_Memory,malloc_calloc_demo_recursive.c
main (4)_1.c,Organized_C_Programs\Dynamic_Memory\malloc_calloc_demo_v3.c,Dynamic_Memory,malloc_calloc_demo_v3.c
main (5).c,Organized_C_Programs\Dynamic_Memory\malloc_calloc_demo_basic.c,Dynamic_Memory,malloc_calloc_demo_basic.c
main (5)_1.c,Organized_C_Programs\Dynamic_Memory\malloc_calloc_demo_v7.c,Dynamic_Memory,malloc_calloc_demo_v7.c
main (6).c,Organized_C_Programs\Patterns\nested_loop_pattern_v14.c,Patterns,nested_loop_pattern_v14.c
main (6)_1.c,Organized_C_Programs\Graphs\dijkstra_shortest_path_v6.c,Graphs,dijkstra_shortest_path_v6.c
main (6)_1_1.c,Organized_C_Programs\Graphs\dijkstra_shortest_path_formatted_output.c,Graphs,dijkstra_shortest_path_formatted_output.c
main (6)_2.c,Organized_C_Programs\Patterns\nested_loop_pattern_v18.c,Patterns,nested_loop_pattern_v18.c
main (7).c,Organized_C_Programs\Graphs\kruskal_minimum_spanning_tree_v6.c,Graphs,kruskal_minimum_spanning_tree_v6.c
main (7)_1.c,Organized_C_Programs\Graphs\kruskal_minimum_spanning_tree_recursive.c,Graphs,kruskal_minimum_spanning_tree_recursive.c
main (8).c,Organized_C_Programs\Graphs\kruskal_minimum_spanning_tree_basic.c,Graphs,kruskal_minimum_spanning_tree_basic.c
main (8)_1.c,Organized_C_Programs\Graphs\kruskal_minimum_spanning_tree_v10.c,Graphs,kruskal_minimum_spanning_tree_v10.c
main (9).c,Organized_C_Programs\Basics\finding_greatest_number_6a9d.c,Basics,finding_greatest_number_6a9d.c
main (9)_1.c,Organized_C_Programs\Basics\finding_greatest_number_v12.c,Basics,finding_greatest_number_v12.c
main.c,Organized_C_Programs\Basics\basic_io_program_v58.c,Basics,basic_io_program_v58.c
main_1.c,Organized_C_Programs\Basics\basic_io_program_v62.c,Basics,basic_io_program_v62.c
matrix.c,Organized_C_Programs\Patterns\nested_loop_pattern_v33.c,Patterns,nested_loop_pattern_v33.c
matrix_1.c,Organized_C_Programs\Patterns\nested_loop_pattern_v37.c,Patterns,nested_loop_pattern_v37.c
maze .c,Organized_C_Programs\Miscellaneous\rat_in_maze_backtracking_v3.c,Miscellaneous,rat_in_maze_backtracking_v3.c
maze _1.c,Organized_C_Programs\Miscellaneous\rat_in_maze_backtracking_backtracking.c,Miscellaneous,rat_in_maze_backtracking_backtracking.c
merge _sort.c,Organized_C_Programs\Sorting\merge_sort_v11.c,Sorting,merge_sort_v11.c
merge _sort_1.c,Organized_C_Programs\Sorting\merge_sort_dynamic_memory.c,Sorting,merge_sort_dynamic_memory.c
merge_sort.c,Organized_C_Programs\Sorting\merge_sort_recursive.c,Sorting,merge_sort_recursive.c
merge_sort_1.c,Organized_C_Programs\Sorting\merge_sort_v3.c,Sorting,merge_sort_v3.c
multiplication using Dma.c,Organized_C_Programs\Dynamic_Memory\dynamic_array_multiplication_v4.c,Dynamic_Memory,dynamic_array_multiplication_v4.c
multiplication using Dma_1.c,Organized_C_Programs\Dynamic_Memory\dynamic_array_multiplication_v8.c,Dynamic_Memory,dynamic_array_multiplication_v8.c
mysort.c,Organized_C_Programs\Sorting\bubble_sort_ascending_v3.c,Sorting,bubble_sort_ascending_v3.c
mysort_1.c,Organized_C_Programs\Sorting\bubble_sort_ascending_ascending.c,Sorting,bubble_sort_ascending_ascending.c
namesdma.c,Organized_C_Programs\Dynamic_Memory\dynamic_name_storage_dynamic_memory.c,Dynamic_Memory,dynamic_name_storage_dynamic_memory.c
namesdma_1.c,Organized_C_Programs\Dynamic_Memory\dynamic_name_storage_v3.c,Dynamic_Memory,dynamic_name_storage_v3.c
new.c,Organized_C_Programs\Miscellaneous\c_program_v2.c,Miscellaneous,c_program_v2.c
new_1.c,Organized_C_Programs\Miscellaneous\c_program_basic.c,Miscellaneous,c_program_basic.c
no into sum of primes.c,Organized_C_Programs\Mathematics\prime_sum_decomposition_v3.c,Mathematics,prime_sum_decomposition_v3.c
no into sum of primes_1.c,Organized_C_Programs\Mathematics\prime_sum_decomposition_turboc_console.c,Mathematics,prime_sum_decomposition_turboc_console.c
nos.c,Organized_C_Programs\Basics\basic_io_program_v76.c,Basics,basic_io_program_v76.c
nos_1.c,Organized_C_Programs\Basics\basic_io_program_file_storage.c,Basics,basic_io_program_file_storage.c
number of digits-recursion.c,Organized_C_Programs\Recursion\recursive_function_demo_v25.c,Recursion,recursive_function_demo_v25.c
number of digits-recursion_1.c,Organized_C_Programs\Recursion\recursive_function_demo_v29.c,Recursion,recursive_function_demo_v29.c
odd and even indirect recursion. c.c,Organized_C_Programs\Recursion\odd_even_indirect_recursion_v4.c,Recursion,odd_even_indirect_recursion_v4.c
odd and even indirect recursion. c_1.c,Organized_C_Programs\Recursion\odd_even_indirect_recursion_v8.c,Recursion,odd_even_indirect_recursion_v8.c
odd_even-recursion.c,Organized_C_Programs\Recursion\odd_even_indirect_recursion_v3.c,Recursion,odd_even_indirect_recursion_v3.c
odd_even-recursion_1.c,Organized_C_Programs\Recursion\odd_even_indirect_recursion_recursive.c,Recursion,odd_even_indirect_recursion_recursive.c
online test shashank. c.c,Organized_C_Programs\Searching\binary_search_iterative_v26.c,Searching,binary_search_iterative_v26.c
online test shashank. c_1.c,Organized_C_Programs\Searching\binary_search_iterative_v30.c,Searching,binary_search_iterative_v30.c
online test.c,Organized_C_Programs\Linked_Lists\singly_linked_list_operations_v31.c,Linked_Lists,singly_linked_list_operations_v31.c
online test_1.c,Organized_C_Programs\Linked_Lists\singly_linked_list_operations_iterative.c,Linked_Lists,singly_linked_list_operations_iterative.c
palindrome-strings. c.c,Organized_C_Programs\Strings\string_palindrome_check_v3.c,Strings,string_palindrome_check_v3.c
palindrome-strings. c_1.c,Organized_C_Programs\Strings\string_palindrome_check_recursive.c,Strings,string_palindrome_check_recursive.c
pascal traingle.c,Organized_C_Programs\Patterns\number_triangle_pattern_v48.c,Patterns,number_triangle_pattern_v48.c
pascal traingle_1.c,Organized_C_Programs\Patterns\number_triangle_pattern_v52.c,Patterns,number_triangle_pattern_v52.c
pat equi.c,Organized_C_Programs\Patterns\number_triangle_pattern_v18.c,Patterns,number_triangle_pattern_v18.c
pat equi_1.c,Organized_C_Programs\Patterns\number_triangle_pattern_v14.c,Patterns,number_triangle_pattern_v14.c
pat.c,Organized_C_Programs\Patterns\number_triangle_pattern_v43.c,Patterns,number_triangle_pattern_v43.c
pat_1.c,Organized_C_Programs\Patterns\number_triangle_pattern_v47.c,Patterns,number_triangle_pattern_v47.c
pending.c,Organized_C_Programs\Miscellaneous\rat_in_maze_backtracking_v7.c,Miscellaneous,rat_in_maze_backtracking_v7.c
pending_1.c,Organized_C_Programs\Miscellaneous\rat_in_maze_backtracking_formatted_output.c,Miscellaneous,rat_in_maze_backtracking_formatted_output.c
perfect number_    }.c,Organized_C_Programs\Mathematics\perfect_number_checker_v3.c,Mathematics,perfect_number_checker_v3.c
perfect number_    }_1.c,Organized_C_Programs\Mathematics\perfect_number_checker_turboc_console.c,Mathematics,perfect_number_checker_turboc_console.c
prims_tree.c,Organized_C_Programs\Recursion\recursive_function_demo_v15.c,Recursion,recursive_function_demo_v15.c
prims_tree_1.c,Organized_C_Programs\Recursion\recursive_function_demo_v11.c,Recursion,recursive_function_demo_v11.c
pro1.c,Organized_C_Programs\Searching\binary_search_iterative_v18.c,Searching,binary_search_iterative_v18.c
pro1_1.c,Organized_C_Programs\Searching\binary_search_iterative_menu_driven.c,Searching,binary_search_iterative_menu_driven.c
pro1pending. c.c,Organized_C_Programs\Mini_Projects\yearly_calendar_generator_v36.c,Mini_Projects,yearly_calendar_generator_v36.c
pro1pending. c_1.c,Organized_C_Programs\Mini_Projects\yearly_calendar_generator_v40.c,Mini_Projects,yearly_calendar_generator_v40.c
quiz. c.c,Organized_C_Programs\Strings\string_palindrome_check_v6.c,Strings,string_palindrome_check_v6.c
quiz. c_1.c,Organized_C_Programs\Strings\string_palindrome_check_goto_based.c,Strings,string_palindrome_check_goto_based.c
ratmaze. c.c,Organized_C_Programs\Miscellaneous\rat_in_maze_backtracking_basic.c,Miscellaneous,rat_in_maze_backtracking_basic.c
ratmaze. c_1.c,Organized_C_Programs\Miscellaneous\rat_in_maze_backtracking_v16.c,Miscellaneous,rat_in_maze_backtracking_v16.c
realloc.c,Organized_C_Programs\Dynamic_Memory\dynamic_array_multiplication_v3.c,Dynamic_Memory,dynamic_array_multiplication_v3.c
realloc_1.c,Organized_C_Programs\Dynamic_Memory\dynamic_array_multiplication_dynamic_memory.c,Dynamic_Memory,dynamic_array_multiplication_dynamic_memory.c
recursion sample. c.c,Organized_C_Programs\Recursion\factorial_recursive_goto_based.c,Recursion,factorial_recursive_goto_based.c
recursion sample. c_1.c,Organized_C_Programs\Recursion\factorial_recursive_v18.c,Recursion,factorial_recursive_v18.c
recursive sum.c,Organized_C_Programs\Recursion\recursive_function_demo_v30.c,Recursion,recursive_function_demo_v30.c
recursive sum_1.c,Organized_C_Programs\Recursion\recursive_function_demo_v34.c,Recursion,recursive_function_demo_v34.c
results.c,Organized_C_Programs\Structures\nested_structure_demonstration_dynamic_memory.c,Structures,nested_structure_demonstration_dynamic_memory.c
results_1.c,Organized_C_Programs\Structures\nested_structure_demonstration_v12.c,Structures,nested_structure_demonstration_v12.c
reverse_string_pointers.c,Organized_C_Programs\Recursion\recursive_function_demo_v16.c,Recursion,recursive_function_demo_v16.c
reverse_string_pointers_1.c,Organized_C_Programs\Recursion\recursive_function_demo_v20.c,Recursion,recursive_function_demo_v20.c
review.c,Organized_C_Programs\Searching\binary_search_iterative_v21.c,Searching,binary_search_iterative_v21.c
review_1.c,Organized_C_Programs\Searching\binary_search_iterative_file_storage.c,Searching,binary_search_iterative_file_storage.c
second larger.c,Organized_C_Programs\Basics\basic_io_program_v53.c,Basics,basic_io_program_v53.c
second larger_1.c,Organized_C_Programs\Basics\basic_io_program_v57.c,Basics,basic_io_program_v57.c
selection (1).c,Organized_C_Programs\Patterns\nested_loop_pattern_basic.c,Patterns,nested_loop_pattern_basic.c
selection (1)_1.c,Organized_C_Programs\Patterns\nested_loop_pattern_v2.c,Patterns,nested_loop_pattern_v2.c
series.c,Organized_C_Programs\Patterns\nested_loop_pattern_v4.c,Patterns,nested_loop_pattern_v4.c
series_1.c,Organized_C_Programs\Patterns\nested_loop_pattern_v8.c,Patterns,nested_loop_pattern_v8.c
shbrhe.c,Organized_C_Programs\Searching\binary_search_iterative_v10.c,Searching,binary_search_iterative_v10.c
shbrhe_1.c,Organized_C_Programs\Searching\binary_search_iterative_backtracking.c,Searching,binary_search_iterative_backtracking.c
skewsymmeric.c,Organized_C_Programs\Arrays\symmetric_matrix_check_v3.c,Arrays,symmetric_matrix_check_v3.c
skewsymmeric_1.c,Organized_C_Programs\Arrays\symmetric_matrix_check_formatted_output.c,Arrays,symmetric_matrix_check_formatted_output.c
slection sort.c,Organized_C_Programs\Basics\basic_io_program_v38.c,Basics,basic_io_program_v38.c
slection sort_1.c,Organized_C_Programs\Basics\basic_io_program_v42.c,Basics,basic_io_program_v42.c
sln.c,Organized_C_Programs\Arrays\second_largest_number_finder_v2.c,Arrays,second_largest_number_finder_v2.c
sorting row elements.c,Organized_C_Programs\Sorting\row_wise_matrix_sort_v3.c,Sorting,row_wise_matrix_sort_v3.c
sorting row elements_1.c,Organized_C_Programs\Sorting\row_wise_matrix_sort_formatted_output.c,Sorting,row_wise_matrix_sort_formatted_output.c
storage classes. c.c,Organized_C_Programs\Miscellaneous\storage_classes_demo_v3.c,Miscellaneous,storage_classes_demo_v3.c
storage classes. c_1.c,Organized_C_Programs\Miscellaneous\storage_classes_demo_recursive.c,Miscellaneous,storage_classes_demo_recursive.c
strassenmatrix.c,Organized_C_Programs\Patterns\number_triangle_pattern_v22.c,Patterns,number_triangle_pattern_v22.c
strassenmatrix_1.c,Organized_C_Programs\Patterns\number_triangle_pattern_formatted_output.c,Patterns,number_triangle_pattern_formatted_output.c
string pattern.c,Organized_C_Programs\Patterns\number_triangle_pattern_v28.c,Patterns,number_triangle_pattern_v28.c
string pattern_1.c,Organized_C_Programs\Patterns\number_triangle_pattern_v32.c,Patterns,number_triangle_pattern_v32.c
strong number (1).c,Organized_C_Programs\Basics\basic_io_program_turboc_console.c,Basics,basic_io_program_turboc_console.c
strong number (1)_1.c,Organized_C_Programs\Basics\basic_io_program_v7.c,Basics,basic_io_program_v7.c
struct .c,Organized_C_Programs\Structures\nested_structure_demonstration_menu_driven.c,Structures,nested_structure_demonstration_menu_driven.c
struct _1.c,Organized_C_Programs\Structures\nested_structure_demonstration_v6.c,Structures,nested_structure_demonstration_v6.c
sum of digits-recursion.c,Organized_C_Programs\Recursion\sum_of_digits_recursive_v3.c,Recursion,sum_of_digits_recursive_v3.c
sum of digits-recursion_1.c,Organized_C_Programs\Recursion\sum_of_digits_recursive_recursive.c,Recursion,sum_of_digits_recursive_recursive.c
symmetric.c,Organized_C_Programs\Arrays\symmetric_matrix_check_v4.c,Arrays,symmetric_matrix_check_v4.c
symmetric_1.c,Organized_C_Programs\Arrays\symmetric_matrix_check_v8.c,Arrays,symmetric_matrix_check_v8.c
tic tac toe.c,Organized_C_Programs\Mini_Projects\tic_tac_toe_game_v3.c,Mini_Projects,tic_tac_toe_game_v3.c
tic tac toe_1.c,Organized_C_Programs\Mini_Projects\tic_tac_toe_game_goto_based.c,Mini_Projects,tic_tac_toe_game_goto_based.c
unique.c,Organized_C_Programs\Patterns\nested_loop_pattern_v13.c,Patterns,nested_loop_pattern_v13.c
unique_1.c,Organized_C_Programs\Patterns\nested_loop_pattern_v9.c,Patterns,nested_loop_pattern_v9.c
warshal.c,Organized_C_Programs\Patterns\number_triangle_pattern_v33.c,Patterns,number_triangle_pattern_v33.c
warshal_1.c,Organized_C_Programs\Patterns\number_triangle_pattern_v37.c,Patterns,number_triangle_pattern_v37.c
wordwin.c,Organized_C_Programs\Strings\string_input_output_v14.c,Strings,string_input_output_v14.c
wordwin_1.c,Organized_C_Programs\Strings\string_input_output_v18.c,Strings,string_input_output_v18.c
wrnn.c,Organized_C_Programs\Dynamic_Memory\dynamic_name_storage_v8.c,Dynamic_Memory,dynamic_name_storage_v8.c
wrnn_1.c,Organized_C_Programs\Dynamic_Memory\dynamic_name_storage_v4.c,Dynamic_Memory,dynamic_name_storage_v4.c
wrong.c,Organized_C_Programs\Patterns\number_triangle_pattern_4b6d.c,Patterns,number_triangle_pattern_4b6d.c
wrong_1.c,Organized_C_Programs\Patterns\number_triangle_pattern_v13.c,Patterns,number_triangle_pattern_v13.c
wuwuw. c.c,Organized_C_Programs\Pointers\pointer_menu_operations_demo_floyd_warshall.c,Pointers,pointer_menu_operations_demo_floyd_warshall.c
wuwuw. c_1.c,Organized_C_Programs\Pointers\pointer_menu_operations_demo_v6.c,Pointers,pointer_menu_operations_demo_v6.c
